model,R2,MAE,RMSE
XGBoost,0.857913244293591,1885.8295580572249,4300.092637228809
Random Forest,0.8485137348677678,1964.758601587288,4440.047761455657
Bagging,0.8475187948741552,2010.7789249112243,4454.604696043066
Одиночное дерево,0.839899973890786,1723.630834924401,4564.536813600133
