feature,importance
smoker_yes,0.5199680419350365
age,0.38432267704890977
bmi,0.04415079317893528
children,0.04226667774574034
region_northwest,0.004290265686088473
sex_male,0.002729497033444909
region_southwest,0.0011556967353104593
region_southeast,0.0011163506365341603
