Модель,R2,MAE,RMSE
Random Forest,0.8485137348677678,1964.7586015872876,4440.047761455657
Gradient Boosting,0.8482668552408916,1938.5482529930027,4443.664297551855
Bagging,0.8475187948741552,2010.7789249112243,4454.604696043066
Одиночное дерево,0.839899973890786,1723.630834924401,4564.536813600133
