feature,importance
smoker_yes,0.5201111738057574
age,0.3891345168336996
children,0.04419382758707726
bmi,0.03957819569620278
sex_male,0.0028344786742150597
region_southwest,0.0021996100189393113
region_southeast,0.0018327790239045887
region_northwest,0.00011541836020401019
