model,R2,MAE,RMSE
Одиночное дерево,0.839899973890786,1723.630834924401,4564.536813600133
Bagging,0.8475187948741552,2010.7789249112243,4454.604696043066
Random Forest,0.848513734867768,1964.7586015872866,4440.047761455655
