feature,importance
smoker_yes,0.5186101229107613
age,0.3763300592834468
bmi,0.050162848663361174
children,0.042317817676725385
sex_male,0.0042427853561968435
region_northwest,0.003832865873578595
region_southeast,0.0025763982045178737
region_southwest,0.0019271020314121745
