Модель,Выборка,R2,MAE,RMSE
Оптимизированное дерево,Train,0.8576151277987305,1705.6551243165727,4622.262869090853
Оптимизированное дерево,Test,0.8398999738907862,1723.6308349244002,4564.536813600131
Bagging,Train,0.8756401064450196,1954.2661439460603,4319.792500943187
Bagging,Test,0.8475187948741553,2010.7789249112238,4454.604696043064
Random Forest,Train,0.885543577919844,1838.3331428521974,4144.219961128895
Random Forest,Test,0.8485137348677682,1964.7586015872823,4440.047761455653
XGBoost,Train,0.8733455068279499,1962.7454017428408,4359.4632009727775
XGBoost,Test,0.8579132442935911,1885.8295580572237,4300.092637228807
